{"RuleTriggered": 0, "Violations": 0, "Details": {"step_num": {"first": 1621103156979288, "last": 1621103403192149}, "job_start": 1621103100.069911, "job_end": 1621103459.570053}, "Datapoints": 105, "RuleParameters": "threshold:20"}